"color","display_id","icon","id","image","image_author","image_link","name","palette","borders_land","comtrade_name","id_2char","id_num","weight","borders_maritime"
"#ffc41c",NA,"/static/img/icons/country/country_af.png","af","/static/img/headers/country/af.jpg","16:9clue","https://flic.kr/p/957RCF","Africa","[""#b2532d""]",NA,NA,NA,NA,NA,NA
"#ffc41c","ago","/static/img/icons/country/country_afago.png","afago","/static/img/headers/country/afago.jpg","kaysha","https://flic.kr/p/kPLXP","Angola","[""#833510"",""#fef8da"",""#e3b782""]","['afcod', 'afcog', 'afnam', 'afzmb']","Angola","ao","24",34156227207.2,NA
"#ffc41c","bdi","/static/img/icons/country/country_afbdi.png","afbdi","/static/img/headers/country/af.jpg",NA,NA,"Burundi",NA,"['afcod', 'afrwa', 'aftza']","Burundi","bi","108",165507058.72,NA
"#ffc41c","ben","/static/img/icons/country/country_afben.png","afben","/static/img/headers/country/afben.jpg","Panoramas","https://flic.kr/p/hN9FEK","Benin","[""#b8b7b6"",""#2b2317""]","['afbfa', 'afner', 'afnga', 'aftgo']","Benin","bj","204",913437632.68,"['afgha']"
"#ffc41c","bfa","/static/img/icons/country/country_afbfa.png","afbfa","/static/img/headers/country/afbfa.jpg","Cordelia Persen","https://flic.kr/p/7WdQPR","Burkina Faso","[""#69cae9"",""#2f200b"",""#145b77""]","['afben', 'afciv', 'afgha', 'afmli', 'afner', 'aftgo']","Burkina Faso","bf","854",3530469429.79,NA
"#ffc41c","bwa","/static/img/icons/country/country_afbwa.png","afbwa","/static/img/headers/country/af.jpg",NA,NA,"Botswana",NA,"['afnam', 'afzaf', 'afzmb', 'afzwe']","Botswana","bw","72",NA,NA
"#ffc41c","caf","/static/img/icons/country/country_afcaf.png","afcaf","/static/img/headers/country/af.jpg",NA,NA,"Central African Republic",NA,"['afcmr', 'aftcd', 'afcod', 'afcog', 'afssd', 'afsdn']","Central African Rep.|Central African Republic","cf","140",148640913.69,NA
"#ffc41c","civ","/static/img/icons/country/country_afciv.png","afciv","/static/img/headers/country/afciv.jpg","Mire de rien","https://flic.kr/p/dd4Jxb","Cote d'Ivoire","[""#aec3d3"",""#433a22"",""#0c0702"",""#384b4d""]","['afbfa', 'afgha', 'afgin', 'aflbr', 'afmli']","Côte d'Ivoire|côte d&#39;ivoire","ci","384",12733489253.5,NA
"#ffc41c","cmr","/static/img/icons/country/country_afcmr.png","afcmr","/static/img/headers/country/afcmr.jpg","jbdodane","https://flic.kr/p/iEwZry","Cameroon","[""#c0cbd5"",""#2e3f2d"",""#000302"",""#6d5702"",""#301500""]","['afcaf', 'aftcd', 'afcog', 'afgnq', 'afgab', 'afnga']","Cameroon","cm","120",4732003000.48,NA
"#ffc41c","cod","/static/img/icons/country/country_afcod.png","afcod","/static/img/headers/country/afcod.jpg","Joseph King","https://flic.kr/p/nMtMf2","Democratic Republic of the Congo","[""#b8b8b8"",""#3b4c1e"",""#071001"",""#0e3871""]","['afago', 'afbdi', 'afcaf', 'afcog', 'afrwa', 'afssd', 'aftza', 'afuga', 'afzmb']","Dem. Rep. of the Congo|Democratic Republic of the Congo","cd","180",5688538926.42,NA
"#ffc41c","cog","/static/img/icons/country/country_afcog.png","afcog","/static/img/headers/country/afcog.jpg","United Nations Photo","https://flic.kr/p/dnKWH5","Republic of the Congo","[""#29231d"",""#a59484"",""#dfc8b3"",""#fefdf1"",""#af885f""]","['afago', 'afcmr', 'afcaf', 'afcod', 'afgab']","Congo|Republic of the Congo","cg","178",5369327282.28,NA
"#ffc41c","com","/static/img/icons/country/country_afcom.png","afcom","/static/img/headers/country/af.jpg",NA,NA,"Comoros",NA,NA,"Comoros","km","174",39064682.69,"['eufra', 'afmdg', 'afmoz', 'afsyc', 'aftza', 'afmyt']"
"#ffc41c","cpv","/static/img/icons/country/country_afcpv.png","afcpv","/static/img/headers/country/af.jpg",NA,NA,"Cape Verde",NA,NA,"Cape Verde|Cabo Verde","cv","132",130048796.02,"['afgmb', 'afmrt', 'afsen']"
"#ffc41c","dji","/static/img/icons/country/country_afdji.png","afdji","/static/img/headers/country/af.jpg",NA,NA,"Djibouti",NA,"['aferi', 'afeth', 'afsom']","Djibouti","dj","262",72597350.78,"['asyem']"
"#ffc41c","dza","/static/img/icons/country/country_afdza.png","afdza","/static/img/headers/country/afdza.jpg","Bachir","https://flic.kr/p/b4As6r","Algeria","[""#fdfcfb"",""#1d2924"",""#3e5c76"",""#92897c"",""#3d4014""]","['aflby', 'afmli', 'afmrt', 'afmar', 'afner', 'aftun', 'afesh']","Algeria","dz","12",37684102315.1,"['euita', 'euesp']"
"#ffc41c","egy","/static/img/icons/country/country_afegy.png","afegy","/static/img/headers/country/afegy.jpg","Chris Ford","https://flic.kr/p/9RAYbU","Egypt","[""#7fa3c8"",""#3e1f1b""]","['asisr', 'aflby', 'afsdn']","Egypt","eg","818",27666126678.2,"['ascyp', 'eugrc', 'asjor', 'assau', 'astur']"
"#ffc41c","eri","/static/img/icons/country/country_aferi.png","aferi","/static/img/headers/country/af.jpg",NA,NA,"Eritrea",NA,"['afdji', 'afsdn', 'afeth']","Eritrea","er","232",424319279.86,"['assau', 'asyem']"
"#ffc41c","esh","/static/img/icons/country/country_afesh.png","afesh","/static/img/headers/country/af.jpg",NA,NA,"Western Sahara",NA,"['afdza', 'afmrt', 'afmar']","Western Sahara","eh","732",NA,"['euesp']"
"#ffc41c","eth","/static/img/icons/country/country_afeth.png","afeth","/static/img/headers/country/afeth.jpg","Dan Harrison","https://flic.kr/p/anU9KF","Ethiopia","[""#58495f"",""#d3c1c5"",""#fcfbf8"",""#e8b79a"",""#fff7c0""]","['afdji', 'aferi', 'afken', 'afsom', 'afssd', 'afsdn']","Fmr Ethiopia|Ethiopia","et","231",5444989175.63,NA
"#ffc41c","gab","/static/img/icons/country/country_afgab.png","afgab","/static/img/headers/country/afgab.jpg","D. Julien","https://flic.kr/p/8CZNVy","Gabon","[""#020a03"",""#b68017"",""#579bd4"",""#7d7711"",""#2c8fd5""]","['afcmr', 'afcog', 'afgnq']","Gabon","ga","266",4318599629.26,"['afstp']"
"#ffc41c","gha","/static/img/icons/country/country_afgha.png","afgha","/static/img/headers/country/afgha.jpg","Francisco Anzola","https://flic.kr/p/6qtbZd","Ghana","[""#8fbad2"",""#3d3222"",""#070202"",""#8a291d"",""#133c71""]","['afbfa', 'afciv', 'aftgo']","Ghana","gh","288",10510628898.4,"['afben', 'afnga']"
"#ffc41c","gin","/static/img/icons/country/country_afgin.png","afgin","/static/img/headers/country/afgin.jpg","Jurgen","https://flic.kr/p/6mW4Uq","Guinea","[""#a8adaf"",""#141912""]","['afciv', 'afgnb', 'aflbr', 'afmli', 'afsen', 'afsle']","Guinea","gn","324",2503326786.92,NA
"#ffc41c","gmb","/static/img/icons/country/country_afgmb.png","afgmb","/static/img/headers/country/af.jpg",NA,NA,"Gambia",NA,"['afsen']","Gambia|The Gambia","gm","270",118445004.97,"['afcpv']"
"#ffc41c","gnb","/static/img/icons/country/country_afgnb.png","afgnb","/static/img/headers/country/af.jpg",NA,NA,"Guinea-Bissau",NA,"['afgin', 'afsen']","Guinea-Bissau","gw","624",276432425.3,NA
"#ffc41c","gnq","/static/img/icons/country/country_afgnq.png","afgnq","/static/img/headers/country/afgnq.jpg","Embassy of Equatorial Guinea","https://flic.kr/p/8RkBkV","Equatorial Guinea","[""#a0daf8"",""#1b2430"",""#756237"",""#091020"",""#523f1f""]","['afcmr', 'afgab']","Equatorial Guinea","gq","226",5918603108.03,"['afnga', 'afstp']"
"#ffc41c","ken","/static/img/icons/country/country_afken.png","afken","/static/img/headers/country/afken.jpg","ninara","https://flic.kr/p/swAPWQ","Kenya","[""#202104"",""#8b94ac"",""#f6c095"",""#6692bb"",""#fdd5a0""]","['afeth', 'afsom', 'afssd', 'aftza', 'afuga']","Kenya","ke","404",5247664970.06,NA
"#ffc41c","lbr","/static/img/icons/country/country_aflbr.png","aflbr","/static/img/headers/country/af.jpg",NA,NA,"Liberia",NA,"['afciv', 'afgin', 'afsle']","Liberia","lr","430",836020048.34,NA
"#ffc41c","lby","/static/img/icons/country/country_aflby.png","aflby","/static/img/headers/country/aflby.jpg","sejanc","https://flic.kr/p/6fsy7W","Libya","[""#d49a64"",""#1a0a06"",""#5a3415""]","['afdza', 'aftcd', 'afegy', 'afner', 'afsdn', 'aftun']","Libya","ly","434",8780198212.85,"['eugrc', 'euita', 'eumlt']"
"#ffc41c","lso","/static/img/icons/country/country_aflso.png","aflso","/static/img/headers/country/af.jpg",NA,NA,"Lesotho",NA,"['afzaf']","Lesotho","ls","426",NA,NA
"#ffc41c","mar","/static/img/icons/country/country_afmar.png","afmar","/static/img/headers/country/afmar.jpg","Jamie McCaffrey","https://flic.kr/p/sNGpTR","Morocco","[""#5368bf"",""#f8e4f1""]","['afdza', 'euesp', 'afmrt', 'afesh']","Morocco","ma","504",26785873064.5,"['euprt']"
"#ffc41c","mdg","/static/img/icons/country/country_afmdg.png","afmdg","/static/img/headers/country/afmdg.jpg","Rafael Medina","https://flic.kr/p/8xWMDi","Madagascar","[""#010200"",""#d7cab2"",""#92928e"",""#fbf7e6"",""#7d7e7d""]",NA,"Madagascar","mg","450",2522794683.58,"['afcom', 'eufra', 'afmoz', 'afsyc', 'afmyt']"
"#ffc41c","mli","/static/img/icons/country/country_afmli.png","afmli","/static/img/headers/country/af.jpg",NA,NA,"Mali",NA,"['afdza', 'afbfa', 'afciv', 'afgin', 'afmrt', 'afner', 'afsen']","Mali","ml","466",968711934,NA
"#ffc41c","moz","/static/img/icons/country/country_afmoz.png","afmoz","/static/img/headers/country/afmoz.jpg","Rosino","https://flic.kr/p/6UaKv7","Mozambique","[""#3482bf"",""#130703"",""#fdf4d8"",""#010001"",""#fdfdf4""]","['afmwi', 'afzaf', 'afswz', 'aftza', 'afzmb', 'afzwe']","Mozambique","mz","508",6060212326.16,"['afcom', 'afmdg']"
"#ffc41c","mrt","/static/img/icons/country/country_afmrt.png","afmrt","/static/img/headers/country/afmrt.jpg","Ammar Hassan","https://flic.kr/p/oPHRYM","Mauritania","[""#715231"",""#e9d4ca""]","['afdza', 'afmli', 'afmar', 'afsen', 'afesh']","Mauritania","mr","478",1950885865.04,"['afcpv']"
"#ffc41c","mus","/static/img/icons/country/country_afmus.png","afmus","/static/img/headers/country/afmus.jpg","Marco Mornati","https://flic.kr/p/6TrnkM","Mauritius","[""#487dc2"",""#100f10"",""#e4e7f2"",""#010001"",""#f3f5fc""]",NA,"Mauritius","mu","480",3342748066.95,"['eufra', 'afsyc']"
"#ffc41c","mwi","/static/img/icons/country/country_afmwi.png","afmwi","/static/img/headers/country/afmwi.jpg","Skip Russell","https://flic.kr/p/cPQCKb","Malawi","[""#0f110b"",""#7d858f"",""#c0bbb9"",""#faecde"",""#838a3e""]","['afmoz', 'aftza', 'afzmb']","Malawi","mw","454",1270244143.36,NA
"#ffc41c","myt","/static/img/icons/country/country_afmyt.png","afmyt","/static/img/headers/country/af.jpg",NA,NA,"Mayotte",NA,NA,"Mayotte","yt","175",NA,"['afcom', 'afmdg']"
"#ffc41c","nam","/static/img/icons/country/country_afnam.png","afnam","/static/img/headers/country/af.jpg",NA,NA,"Namibia",NA,"['afago', 'afbwa', 'afzaf', 'afzmb']","Namibia","na","516",NA,NA
"#ffc41c","ner","/static/img/icons/country/country_afner.png","afner","/static/img/headers/country/afner.jpg","Roland","https://flic.kr/p/aw1FkY","Niger","[""#2a2a15"",""#cfcac3"",""#fefcf5"",""#9f9d94"",""#f4e9d7""]","['afdza', 'afben', 'afbfa', 'aftcd', 'aflby', 'afmli', 'afnga']","Niger","ne","562",1274354934.16,NA
"#ffc41c","nga","/static/img/icons/country/country_afnga.png","afnga","/static/img/headers/country/afnga.jpg","Kipp Jones","https://flic.kr/p/8q5Gd","Nigeria","[""#381f10"",""#ec9747"",""#fedf69"",""#fefeea""]","['afben', 'afcmr', 'aftcd', 'afner']","Nigeria","ng","566",47754768563.3,"['afgnq', 'afgha', 'afstp']"
"#ffc41c","reu","/static/img/icons/country/country_afreu.png","afreu","/static/img/headers/country/af.jpg",NA,NA,"Reunion",NA,NA,"Réunion","re","638",NA,NA
"#ffc41c","rwa","/static/img/icons/country/country_afrwa.png","afrwa","/static/img/headers/country/af.jpg",NA,NA,"Rwanda",NA,"['afbdi', 'afcod', 'aftza', 'afuga']","Rwanda","rw","646",740549698.4,NA
"#ffc41c","sdn","/static/img/icons/country/country_afsdn.png","afsdn","/static/img/headers/country/afsdn.jpg","Mark Fischer","https://flic.kr/p/dB3bwK","Sudan","[""#c8cfc8"",""#8d4d08"",""#411301""]","['afcaf', 'aftcd', 'afegy', 'aferi', 'afeth', 'aflby', 'afssd']","Sudan|Fmr Sudan","sd","729|736",5703860826.78,"['assau']"
"#ffc41c","sen","/static/img/icons/country/country_afsen.png","afsen","/static/img/headers/country/afsen.jpg","Jeff Attaway","https://flic.kr/p/933TN8","Senegal","[""#7592ae"",""#0f251a"",""#fef9e2"",""#090300"",""#fffab7""]","['afgmb', 'afgin', 'afgnb', 'afmli', 'afmrt']","Senegal","sn","686",2729683431.11,"['afcpv']"
"#ffc41c","shn","/static/img/icons/country/country_afshn.png","afshn","/static/img/headers/country/af.jpg",NA,NA,"Saint Helena",NA,NA,"Saint Helena","sh","654",35814280.36,NA
"#ffc41c","sle","/static/img/icons/country/country_afsle.png","afsle","/static/img/headers/country/afsle.jpg","Eduardo Fonseca Arraes","https://flic.kr/p/aAg4Gf","Sierra Leone","[""#222918"",""#dec2a4"",""#7b9ba7"",""#f4d7b7"",""#6594b6""]","['afgin', 'aflbr']","Sierra Leone","sl","694",582223161.53,NA
"#ffc41c","som","/static/img/icons/country/country_afsom.png","afsom","/static/img/headers/country/af.jpg",NA,NA,"Somalia",NA,"['afdji', 'afeth', 'afken']","Somalia","so","706",547820193.68,"['asyem']"
"#ffc41c","ssd","/static/img/icons/country/country_afssd.png","afssd","/static/img/headers/country/afssd.jpg","Quade Hermann","https://flic.kr/p/d8aArN","South Sudan","[""#86847e"",""#080605"",""#fceebe""]","['afcaf', 'afcod', 'afeth', 'afken', 'afsdn', 'afuga']","South Sudan","ss","728",12066477.61,"['assau']"
"#ffc41c","stp","/static/img/icons/country/country_afstp.png","afstp","/static/img/headers/country/af.jpg",NA,NA,"Sao Tome and Principe",NA,"['afben', 'afcmr', 'aftcd', 'afner']","Sao Tome and Principe|São Tomé and Príncipe","st","678",15572051.03,"['afgnq', 'afgab', 'afnga']"
"#ffc41c","swz","/static/img/icons/country/country_afswz.png","afswz","/static/img/headers/country/af.jpg",NA,NA,"Swaziland",NA,"['afmoz', 'afzaf']","Swaziland","sz","748",NA,NA
"#ffc41c","syc","/static/img/icons/country/country_afsyc.png","afsyc","/static/img/headers/country/af.jpg",NA,NA,"Seychelles",NA,NA,"Seychelles","sc","690",625127581.42,"['afcom', 'afmdg', 'afmus', 'aftza']"
"#ffc41c","tcd","/static/img/icons/country/country_aftcd.png","aftcd","/static/img/headers/country/aftcd.jpg","afcone","https://flic.kr/p/67gFV6","Chad","[""#060606"",""#968269"",""#fdca50"",""#c78c3d"",""#feea64""]","['afcmr', 'afcaf', 'aflby', 'afner', 'afnga', 'afsdn']","Chad","td","148",2042755295.42,NA
"#ffc41c","tgo","/static/img/icons/country/country_aftgo.png","aftgo","/static/img/headers/country/aftgo.jpg","Panoramas","https://flic.kr/p/nqrNMd","Togo","[""#1b130a"",""#a4afbf"",""#ebe7dd"",""#7a818d"",""#eedab2""]","['afben', 'afbfa', 'afgha']","Togo","tg","768",1585326392.58,"['afgha']"
"#ffc41c","tun","/static/img/icons/country/country_aftun.png","aftun","/static/img/headers/country/aftun.jpg","Renaud Torres","https://flic.kr/p/94asmu","Tunisia","[""#bdf3eb"",""#6f4427"",""#19120e"",""#b4691d"",""#72390f""]","['afdza', 'aflby']","Tunisia","tn","788",15737679019.5,"['euita']"
"#ffc41c","tza","/static/img/icons/country/country_aftza.png","aftza","/static/img/headers/country/aftza.jpg","Roman Boed","https://flic.kr/p/nzg2Kv","Tanzania","[""#10120e"",""#ababab"",""#fed3ae"",""#6c7a92""]","['afbdi', 'afcod', 'afken', 'afmwi', 'afmoz', 'afrwa', 'afuga', 'afzmb']","United Rep. of Tanzania|Tanzania","tz","834",6625634444.42,"['afcom', 'afsyc']"
"#ffc41c","uga","/static/img/icons/country/country_afuga.png","afuga","/static/img/headers/country/afuga.jpg","beccacantpark","https://flic.kr/p/daCkrV","Uganda","[""#1d3014"",""#bfb3af"",""#fefefa"",""#efc9aa"",""#7a96b7""]","['afcod', 'afken', 'afrwa', 'afssd', 'aftza']","Uganda","ug","800",2312526273.73,NA
"#ffc41c",NA,"/static/img/icons/country/country_afxxa.png","afxxa","/static/img/headers/country/af.jpg",NA,NA,"Other Africa",NA,NA,"Other Africa, nes",NA,"577",NA,NA
"#ffc41c",NA,"/static/img/icons/country/country_afxxb.png","afxxb","/static/img/headers/country/af.jpg",NA,NA,"Northern Africa",NA,NA,"Northern Africa, nes",NA,"290",NA,NA
"#ffc41c",NA,"/static/img/icons/country/country_afxxc.png","afxxc","/static/img/headers/country/af.jpg",NA,NA,"Other Africa Not Elsewhere Specified",NA,NA,"Afr.Other NS",NA,NA,NA,NA
"#ffc41c","zaf","/static/img/icons/country/country_afzaf.png","afzaf","/static/img/headers/country/afzaf.jpg","Paul Saad","https://flic.kr/p/qaitU3","South Africa","[""#2399f4"",""#0d0f0c""]","['afbwa', 'aflso', 'afmoz', 'afnam', 'afswz', 'afzwe']","South Africa|So. African Customs Union","za","710|711",93676715977.5,NA
"#ffc41c","zmb","/static/img/icons/country/country_afzmb.png","afzmb","/static/img/headers/country/afzmb.jpg","WorldFish","https://flic.kr/p/f7fyk5","Zambia","[""#011a29"",""#7899ac"",""#d8cbbe"",""#9a9289"",""#d7bea7""]","['afago', 'afbwa', 'afcod', 'afmwi', 'afmoz', 'afnam', 'aftza', 'afzwe']","Zambia","zm","894",9259485801.43,NA
"#ffc41c","zwe","/static/img/icons/country/country_afzwe.png","afzwe","/static/img/headers/country/afzwe.jpg","Derek Winterburn","https://flic.kr/p/bUj5MV","Zimbabwe","[""#a5aecb"",""#383916""]","['afbwa', 'afmoz', 'afzaf', 'afzmb']","Zimbabwe","zw","716",2717326913.21,NA
"#330000",NA,"/static/img/icons/country/country_an.png","an","/static/img/headers/country/an.jpg",NA,NA,"Antarctica",NA,NA,"Antarctica",NA,NA,NA,NA
"#330000","ata","/static/img/icons/country/country_anata.png","anata","/static/img/headers/country/an.jpg",NA,NA,"Antarctica",NA,NA,"Antarctica","aq","10",NA,NA
"#330000","atf","/static/img/icons/country/country_anatf.png","anatf","/static/img/headers/country/an.jpg",NA,NA,"French South Antarctic Territory",NA,NA,"Fr. South Antarctic Terr.","tf","260",6482793.3,NA
"#330000","bvt","/static/img/icons/country/country_anbvt.png","anbvt","/static/img/headers/country/an.jpg",NA,NA,"Bouvet Island",NA,NA,"Bouvet Island","bv","74",NA,NA
"#330000","hmd","/static/img/icons/country/country_anhmd.png","anhmd","/static/img/headers/country/an.jpg",NA,NA,"Heard Island and McDonald Islands",NA,NA,"Heard Island and McDonald Islands","hm","334",NA,NA
"#330000","sgs","/static/img/icons/country/country_ansgs.png","ansgs","/static/img/headers/country/an.jpg",NA,NA,"South Georgia South Sandwich Islands",NA,NA,"South Georgia and the South Sandwich Islands","gs","239",NA,NA
"#330000",NA,"/static/img/icons/country/country_anxxa.png","anxxa","/static/img/headers/country/an.jpg",NA,NA,"British Antarctic Territory",NA,NA,"Br. Antarctic Terr.|British Antarctic Territory",NA,"80",NA,NA
"#c8140a",NA,"/static/img/icons/country/country_as.png","as","/static/img/headers/country/as.jpg","Koshy Koshy","https://flic.kr/p/hUwXnC","Asia","[""#040f20"",""#918879"",""#f7a67e"",""#cc5e31"",""#ac96ab""]",NA,NA,NA,NA,NA,NA
"#c8140a","afg","/static/img/icons/country/country_asafg.png","asafg","/static/img/headers/country/as.jpg",NA,NA,"Afghanistan",NA,"['aschn', 'asirn', 'aspak', 'astjk', 'astkm', 'asuzb']","Afghanistan","af","4",865851389.78,"['asafg']"
"#c8140a","are","/static/img/icons/country/country_asare.png","asare","/static/img/headers/country/asare.jpg","Chris Hopkins Images","https://flic.kr/p/dLR13b","United Arab Emirates","[""#14101b"",""#9b9aab"",""#d8c6c2"",""#b18073"",""#f5af95""]","['asomn', 'assau']","United Arab Emirates","ae","784",147017497764,"['asirn', 'asqat']"
"#c8140a","arm","/static/img/icons/country/country_asarm.png","asarm","/static/img/headers/country/asarm.jpg","Grigory Gusev","https://flic.kr/p/JvQbF","Armenia","[""#e0e2e6"",""#666356"",""#2f2417"",""#896c49""]","['asaze', 'asgeo', 'asirn', 'astur']","Armenia","am","51",1656467325.13,NA
"#c8140a","aze","/static/img/icons/country/country_asaze.png","asaze","/static/img/headers/country/asaze.jpg","David Davidson","https://flic.kr/p/5PrY2p","Azerbaijan","[""#7eb3e9"",""#1c1c35""]","['asarm', 'asgeo', 'asirn', 'eurus', 'astur']","Azerbaijan","az","31",16879075844.4,"['astkm']"
"#c8140a","bgd","/static/img/icons/country/country_asbgd.png","asbgd","/static/img/headers/country/asbgd.jpg","Saad Faruque","https://flic.kr/p/r4kEcS","Bangladesh","[""#ec9a8c"",""#090101"",""#612013""]","['asmmr', 'asind']","Bangladesh","bd","50",35693477080.4,NA
"#c8140a","bhr","/static/img/icons/country/country_asbhr.png","asbhr","/static/img/headers/country/asbhr.jpg","philippe leroyer","https://flic.kr/p/5CZrze","Bahrain","[""#030516"",""#987217"",""#f9f8e8"",""#a38843"",""#faac41""]",NA,"Bahrain","bh","48",12143431104.4,"['asirn', 'asqat', 'assau']"
"#c8140a","brn","/static/img/icons/country/country_asbrn.png","asbrn","/static/img/headers/country/asbrn.jpg","henrykkcheung","https://flic.kr/p/9mafP1","Brunei","[""#1a2535"",""#8196c2"",""#f1cfa5"",""#8da2eb"",""#e7bc8c""]","['asmys']","Brunei Darussalam|Brunei","bn","96",6345424018.33,NA
"#c8140a","btn","/static/img/icons/country/country_asbtn.png","asbtn","/static/img/headers/country/as.jpg",NA,NA,"Bhutan",NA,"['aschn', 'asind']","Bhutan","bt","64",214708335.56,NA
"#c8140a","cck","/static/img/icons/country/country_ascck.png","ascck","/static/img/headers/country/as.jpg",NA,NA,"Cocos (Keeling) Islands",NA,NA,"Cocos Isds|Cocos","cc","166",6778479.42,NA
"#c8140a","chn","/static/img/icons/country/country_aschn.png","aschn","/static/img/headers/country/aschn.jpg","Mike Behnken","https://flic.kr/p/8SLRid","China","[""#322634"",""#f8f5e6"",""#b4adad"",""#ebe0bf"",""#94978e""]","['asprk', 'eurus', 'asmng', 'askaz', 'astjk', 'askgz', 'asafg', 'aspak', 'asind', 'asnpl', 'asbtn', 'asbur', 'aslao', 'asvnm', 'ashkg', 'asmac']","China","cn","156",2372842320930,"['asidn', 'asbrn', 'asjpn', 'askor', 'asmys', 'asphl', 'astwn']"
"#c8140a","cxr","/static/img/icons/country/country_ascxr.png","ascxr","/static/img/headers/country/as.jpg",NA,NA,"Christmas Island",NA,"['astls', 'asmys', 'ocpng']","Christmas Isds|Christmas Island","cx","162",25045239.26,"['asidn']"
"#c8140a","cyp","/static/img/icons/country/country_ascyp.png","ascyp","/static/img/headers/country/ascyp.jpg","Lefteris Katsouromallis","https://flic.kr/p/a8maHb","Cyprus","[""#123b4f"",""#93aecf"",""#d9dfe9"",""#a99c8f"",""#eaedf4""]",NA,"Cyprus","cy","196",3729069733.22,"['afegy', 'eugrc', 'asisr', 'aslbn', 'assyr', 'astur']"
"#c8140a",NA,"/static/img/icons/country/country_asfio.png","asfio","/static/img/headers/country/as.jpg",NA,NA,"Fr Ind O",NA,NA,"Fr Ind O",NA,NA,NA,NA
"#c8140a","geo","/static/img/icons/country/country_asgeo.png","asgeo","/static/img/headers/country/asgeo.jpg","Philip Milne","https://flic.kr/p/6BfHoc","Georgia","[""#fef5fd"",""#8d87ab"",""#644f65"",""#302034"",""#6d89c0""]","['asarm', 'asaze', 'eurus', 'astur']","Georgia","ge","268",2769371977.57,"['euukr']"
"#c8140a","hkg","/static/img/icons/country/country_ashkg.png","ashkg","/static/img/headers/country/ashkg.jpg","Barbara Willi","https://flic.kr/p/aCXkva","Hong Kong","[""#16161b"",""#868381"",""#e8d0c6"",""#92979c"",""#fae9e8""]",NA,"China, Hong Kong SAR|Hong Kong","hk","344",138100667533,NA
"#c8140a","idn","/static/img/icons/country/country_asidn.png","asidn","/static/img/headers/country/asidn.jpg","Jose Javier Martin Espartosa","https://flic.kr/p/aXZ52F","Indonesia","[""#040404"",""#7d828d"",""#b3bac3"",""#6b6e76"",""#999ca5""]","['astls', 'asmys', 'ocpng']","Indonesia","id","360",161272307780,"['ocaus', 'asind', 'ocplw', 'asphl', 'assgp', 'astha', 'asvnm', 'ascxr']"
"#c8140a","ind","/static/img/icons/country/country_asind.png","asind","/static/img/headers/country/asind.jpg","sandeepachetan.com travel photography","https://flic.kr/p/fFQ4xd","India","[""#c0c2d3"",""#403923"",""#090201"",""#57270a"",""#55508f""]","['asafg', 'asbgd', 'asbtn', 'asmmr', 'aschn', 'asnpl', 'aspak']","India, excl. Sikkim|India","in","699|356",276301084894,"['asidn', 'asmdv', 'aslka', 'astha']"
"#c8140a","iot","/static/img/icons/country/country_asiot.png","asiot","/static/img/headers/country/as.jpg",NA,NA,"British Indian Ocean Territory",NA,NA,"Br. Indian Ocean Terr.|British Indian Ocean Territory","io","86",31153946.88,"['asmdv']"
"#c8140a","irn","/static/img/icons/country/country_asirn.png","asirn","/static/img/headers/country/asirn.jpg","Siavash Sam Anvari","https://flic.kr/p/6ar8Gf","Iran","[""#655d67"",""#fcca80"",""#fdfdf9""]","['asafg', 'asarm', 'asaze', 'asirq', 'aspak', 'astur', 'astkm']","Iran","ir","364",31775427706.1,"['asbhr', 'askwt', 'asomn', 'asqat', 'assau', 'asare']"
"#c8140a","irq","/static/img/icons/country/country_asirq.png","asirq","/static/img/headers/country/asirq.jpg","Jason Pitcher","https://flic.kr/p/deZPcm","Iraq","[""#0132ef"",""#ddb261"",""#faf6d9"",""#bcc6c4"",""#daad26""]","['asirn', 'asjor', 'askwt', 'assau', 'assyr', 'astur']","Iraq","iq","368",48172228672.8,NA
"#c8140a","isr","/static/img/icons/country/country_asisr.png","asisr","/static/img/headers/country/asisr.jpg","BORIS G","https://flic.kr/p/pVyAYg","Israel","[""#073890"",""#f3832c"",""#fbe5b2"",""#fa9932"",""#f8f8ec""]","['afegy', 'asjor', 'aslbn', 'assyr']","Israel","il","376",65355890787.5,"['ascyp']"
"#c8140a","jor","/static/img/icons/country/country_asjor.png","asjor","/static/img/headers/country/asjor.jpg","premasagar","https://flic.kr/p/7i684","Jordan","[""#e1eff0"",""#473f3d"",""#050204"",""#857975"",""#342b29""]","['asirq', 'asisr', 'assau', 'assyr']","Jordan","jo","400",9820603685.45,"['afegy']"
"#c8140a","jpn","/static/img/icons/country/country_asjpn.png","asjpn","/static/img/headers/country/asjpn.jpg","Alpha 2008","https://flic.kr/p/jUwxyP","Japan","[""#1b1b19"",""#b8a38b"",""#fcfbf2"",""#d4c09b"",""#009996""]",NA,"Japan","jp","392",670822185978,"['aschn', 'asprk', 'askor', 'asphl', 'eurus', 'astwn']"
"#c8140a","kaz","/static/img/icons/country/country_askaz.png","askaz","/static/img/headers/country/askaz.jpg","NASA HQ PHOTO","https://flic.kr/p/rhr9c2","Kazakhstan","[""#cbb27f"",""#4d4a41"",""#110200""]","['aschn', 'askgz', 'eurus', 'astkm', 'asuzb']","Kazakhstan","kz","398",40879555284.5,NA
"#c8140a","kgz","/static/img/icons/country/country_askgz.png","askgz","/static/img/headers/country/askgz.jpg","kanglapass","https://flic.kr/p/8EscZ9","Kyrgyzstan","[""#5f4d3d"",""#fbbf7e""]","['aschn', 'askaz', 'astjk', 'asuzb']","Kyrgyzstan","kg","417",1290297193.77,NA
"#c8140a","khm","/static/img/icons/country/country_askhm.png","askhm","/static/img/headers/country/askhm.jpg","Judith","https://flic.kr/p/bvkVAV","Cambodia","[""#4a4e3a"",""#cfbaac"",""#fef6ed"",""#e7bc92""]","['aslao', 'astha', 'asvnm']","Cambodia","kh","116",16090690917,NA
"#c8140a","kor","/static/img/icons/country/country_askor.png","askor","/static/img/headers/country/askor.jpg","ryan pikkel","https://flic.kr/p/zb8sF","South Korea","[""#2b2b48"",""#f8f5ee"",""#c1aeaa"",""#e6fafd"",""#b29385""]","['asprk']","Rep. of Korea|South Korea","kr","410",537825247402,"['aschn', 'asjpn']"
"#c8140a","kwt","/static/img/icons/country/country_askwt.png","askwt","/static/img/headers/country/askwt.jpg","Khalid Almasoud","https://flic.kr/p/3iaWci","Kuwait","[""#271108"",""#eda133"",""#faee79"",""#a59353"",""#f5d535""]","['asirq', 'assau']","Kuwait","kw","414",52296870408.1,"['asirn']"
"#c8140a","lao","/static/img/icons/country/country_aslao.png","aslao","/static/img/headers/country/aslao.jpg","Xavi","https://flic.kr/p/8NazR6","Laos","[""#b5cfe1"",""#4f5e4d"",""#030504"",""#54560d"",""#11180b""]","['asmmr', 'askhm', 'aschn', 'astha', 'asvnm']","Lao People's Dem. Rep.|Laos","la","418",3811245194.63,NA
"#c8140a","lbn","/static/img/icons/country/country_aslbn.png","aslbn","/static/img/headers/country/aslbn.jpg","Omar Chatriwala","https://flic.kr/p/9HbyFE","Lebanon","[""#cfdde1"",""#566e6f"",""#070701"",""#394e4c"",""#151b12""]","['asisr']","Lebanon","lb","422",2441784523.91,"['ascyp']"
"#c8140a","lka","/static/img/icons/country/country_aslka.png","aslka","/static/img/headers/country/aslka.jpg","Ronald Saunders","https://flic.kr/p/857f6v","Sri Lanka","[""#c5cacf"",""#130e07"",""#895317"",""#420803"",""#54503f""]",NA,"Sri Lanka","lk","144",11757749579.7,"['asind', 'asmdv']"
"#c8140a","mac","/static/img/icons/country/country_asmac.png","asmac","/static/img/headers/country/asmac.jpg","5oulscape","https://flic.kr/p/dTR4UR","Macau","[""#110512"",""#9257be"",""#eae1eb"",""#bd6482"",""#c49bd9""]",NA,"China, Macao SAR|Macau","mo","446",1473337651.93,NA
"#c8140a","mdv","/static/img/icons/country/country_asmdv.png","asmdv","/static/img/headers/country/as.jpg",NA,NA,"Maldives",NA,NA,"Maldives","mv","462",227785222.06,"['asind', 'aslka', 'asiot']"
"#c8140a","mid","/static/img/icons/country/country_asmid.png","asmid","/static/img/headers/country/as.jpg",NA,NA,"Midway",NA,NA,NA,NA,"488",NA,NA
"#c8140a","mmr","/static/img/icons/country/country_asmmr.png","asmmr","/static/img/headers/country/asmmr.jpg","Gzooh","https://flic.kr/p/qdACC3","Burma","[""#3c2014"",""#c1c4d1"",""#f8f7fb"",""#d2b9bb"",""#d47c62""]","['asbgd', 'aschn', 'asind', 'aslao', 'astha']","Myanmar|Burma","mm","104",12357317126,NA
"#c8140a","mng","/static/img/icons/country/country_asmng.png","asmng","/static/img/headers/country/asmng.jpg","Paulo Philippidis","https://flic.kr/p/8uDRi7","Mongolia","[""#676808"",""#f7eedf""]","['aschn', 'eurus']","Mongolia","mn","496",5147464905.92,NA
"#c8140a","mys","/static/img/icons/country/country_asmys.png","asmys","/static/img/headers/country/asmys.jpg","Spreng Ben","https://flic.kr/p/dYmd33","Malaysia","[""#0c091f"",""#8b93a6"",""#f4f5f5"",""#b9c1d1"",""#ab8f81""]","['asbrn', 'asidn', 'astha']","Malaysia","my","458",254569140823,"['asphl', 'assgp', 'asvnm']"
"#c8140a","npl","/static/img/icons/country/country_asnpl.png","asnpl","/static/img/headers/country/as.jpg",NA,NA,"Nepal",NA,"['asind', 'aschn']","Nepal","np","524",909521487.5,NA
"#c8140a","omn","/static/img/icons/country/country_asomn.png","asomn","/static/img/headers/country/asomn.jpg","Marco Zanferrari","https://flic.kr/p/q7V2mA","Oman","[""#80674a"",""#dfe3e6""]","['assau', 'asare', 'asyem']","Oman","om","512",33181520189.1,"['asirn', 'aspak']"
"#c8140a","pak","/static/img/icons/country/country_aspak.png","aspak","/static/img/headers/country/aspak.jpg","Faisal Saeed","https://flic.kr/p/3vuzBX","Pakistan","[""#aec3d6"",""#120e0f"",""#424342"",""#010001"",""#542e1c""]","['asafg', 'aschn', 'asind', 'asirn']","Pakistan","pk","586",26173150121.4,"['asomn']"
"#c8140a","phl","/static/img/icons/country/country_asphl.png","asphl","/static/img/headers/country/asphl.jpg","travel oriented","https://flic.kr/p/qa9EHi","Philippines","[""#3d4e53"",""#c5c1ad"",""#fdf3c0"",""#86bec8"",""#fdc753""]",NA,"Philippines","ph","608",77891103034.5,"['aschn', 'asidn', 'asjpn', 'asmys', 'ocplw', 'asvnm', 'astwn']"
"#c8140a","prk","/static/img/icons/country/country_asprk.png","asprk","/static/img/headers/country/asprk.jpg","Roman Harak","https://flic.kr/p/8Dbtxa","North Korea","[""#cce4f0"",""#2c313e"",""#5e687c"",""#0c1019"",""#525b6e""]","['aschn', 'askor', 'eurus']","Dem. People's Rep. of Korea|North Korea","kp","408",2832358831.53,"['asjpn']"
"#c8140a","pse","/static/img/icons/country/country_aspse.png","aspse","/static/img/headers/country/as.jpg",NA,NA,"Palestine",NA,"['afegy', 'asisr', 'asjor']","Occ. Palestinian Terr.|State of Palestine|Palestinian Territories","ps","275",985480091.21,NA
"#c8140a","qat","/static/img/icons/country/country_asqat.png","asqat","/static/img/headers/country/asqat.jpg","Christian Senger","https://flic.kr/p/83xdKR","Qatar","[""#f0eade"",""#8f6b6c"",""#1a0b14"",""#915853"",""#0d3752""]","['assau']","Qatar","qa","634",79876412441.9,"['asbhr', 'asirn', 'asare']"
"#c8140a","sau","/static/img/icons/country/country_assau.png","assau","/static/img/headers/country/assau.jpg","Abdullah","https://flic.kr/p/5RexJX","Saudi Arabia","[""#798ea3"",""#0d1c20"",""#fefef9""]","['asirq', 'asjor', 'askwt', 'asomn', 'asqat', 'asare', 'asyem']","Saudi Arabia","sa","682",182823343747,"['asbhr', 'afegy', 'aferi', 'asirn', 'afsdn']"
"#c8140a","sgp","/static/img/icons/country/country_assgp.png","assgp","/static/img/headers/country/assgp.jpg","William Cho","https://flic.kr/p/dsYYd3","Singapore","[""#58789b"",""#030302"",""#f6f3e4""]",NA,"Singapore","sg","702",250582845633,"['asidn', 'asmys']"
"#c8140a","syr","/static/img/icons/country/country_assyr.png","assyr","/static/img/headers/country/assyr.jpg","Arian Zwegers","https://flic.kr/p/aGMfi2","Syria","[""#1c0f0f"",""#6e8dd0"",""#faa83b"",""#5f7fc9"",""#f6ac57""]","['asirq', 'asisr', 'asjor', 'aslbn', 'astur']","Syria","sy","760",613160745.49,"['ascyp']"
"#c8140a","tha","/static/img/icons/country/country_astha.png","astha","/static/img/headers/country/astha.jpg","shapour bahrami","https://flic.kr/p/4HE9RP","Thailand","[""#a39a92"",""#332a10""]","['asmmr', 'askhm', 'aslao', 'asmys']","Thailand","th","764",231199907596,"['asind', 'asidn', 'asvnm']"
"#c8140a","tjk","/static/img/icons/country/country_astjk.png","astjk","/static/img/headers/country/as.jpg",NA,NA,"Tajikistan",NA,"['asafg', 'aschn', 'askgz', 'asuzb']","Tajikistan","tj","762",846280342.19,NA
"#c8140a","tkm","/static/img/icons/country/country_astkm.png","astkm","/static/img/headers/country/astkm.jpg","2008+","https://flic.kr/p/snMCZ6","Turkmenistan","[""#08060c"",""#787364"",""#f9fcf6"",""#bab5a2"",""#e9e5d4""]","['asafg', 'asirn', 'askaz', 'asuzb']","Turkmenistan","tm","795",8943625115.57,"['asaze']"
"#c8140a","tls","/static/img/icons/country/country_astls.png","astls","/static/img/headers/country/as.jpg",NA,NA,"Timor-Leste",NA,"['asidn']","Timor-Leste|East Timor","tl","626",306864209.7,"['ocaus']"
"#c8140a","tur","/static/img/icons/country/country_astur.png","astur","/static/img/headers/country/astur.jpg","Christine und Hagen Graf","https://flic.kr/p/8SQsPJ","Turkey","[""#ebeae1"",""#6f5a59"",""#273439"",""#c76727"",""#131c20""]","['asarm', 'asaze', 'eubgr', 'asgeo', 'eugrc', 'asirn', 'asirq', 'assyr']","Turkey","tr","792",153232079463,"['ascyp', 'afegy', 'eurou', 'eurus', 'euukr']"
"#c8140a","twn","/static/img/icons/country/country_astwn.png","astwn","/static/img/headers/country/astwn.jpg","CHEZ ANDRE 1","https://flic.kr/p/8obrdt","Taiwan","[""#000000"",""#f2ad64"",""#b75e3b"",""#faca6f"",""#d48c5a""]",NA,"Taiwan","tw","158|490",NA,"['aschn', 'asjpn', 'asphl']"
"#c8140a","uzb","/static/img/icons/country/country_asuzb.png","asuzb","/static/img/headers/country/asuzb.jpg","Fulvio Spada","https://flic.kr/p/8w3K4m","Uzbekistan","[""#bf9873"",""#0c060e""]","['asafg', 'askaz', 'askgz', 'astjk', 'astkm']","Uzbekistan","uz","860",5853634888.41,"['asaze']"
"#c8140a","vnm","/static/img/icons/country/country_asvnm.png","asvnm","/static/img/headers/country/asvnm.jpg","Sacha Fernandez","https://flic.kr/p/bjB1JL","Vietnam","[""#375262"",""#c1bbb8"",""#fcfcf4"",""#f7b450"",""#fbf6ae""]","['askhm', 'aschn', 'aslao']","Viet Nam|Vietnam","vn","704",185308793427,"['asidn', 'asmys', 'asphl', 'astha']"
"#c8140a",NA,"/static/img/icons/country/country_aswak.png","aswak","/static/img/headers/country/as.jpg",NA,NA,"Wake Island",NA,NA,NA,NA,"872",NA,NA
"#c8140a",NA,"/static/img/icons/country/country_asxxa.png","asxxa","/static/img/headers/country/as.jpg",NA,NA,"Western Asia",NA,NA,"Western Asia, nes",NA,"879",NA,NA
"#c8140a",NA,"/static/img/icons/country/country_asxxb.png","asxxb","/static/img/headers/country/as.jpg",NA,NA,"Other Asia",NA,NA,"Other Asia, nes",NA,"490",312537786521,NA
"#c8140a",NA,"/static/img/icons/country/country_asxxc.png","asxxc","/static/img/headers/country/as.jpg",NA,NA,"China Free Trade Zone (FTZ)",NA,NA,"China FTZ",NA,NA,NA,NA
"#c8140a","yar","/static/img/icons/country/country_asyar.png","asyar","/static/img/headers/country/as.jpg",NA,NA,"Yemen Arab Republic",NA,NA,"Fm Yemen AR",NA,"886",NA,NA
"#c8140a","yem","/static/img/icons/country/country_asyem.png","asyem","/static/img/headers/country/asyem.jpg","Rod Waddington","https://flic.kr/p/gEGfPg","Yemen","[""#41261f"",""#d38050"",""#ebcfba"",""#ec9561"",""#f8ead4""]","['asomn', 'assau']","Yemen|Fmr Arab Rep. of Yemen","ye","887",2053372779.45,"['afdji', 'aferi', 'afsom']"
"#c8140a","ymd","/static/img/icons/country/country_asymd.png","asymd","/static/img/headers/country/as.jpg",NA,NA,"Democratic Yemen",NA,NA,"Fmr Dem. Yemen","yd","720",NA,NA
"#752277",NA,"/static/img/icons/country/country_eu.png","eu","/static/img/headers/country/eu.jpg","Gaspar Serrano","https://flic.kr/p/4MAfA6","Europe","[""#e4e6f9"",""#36442d"",""#000506"",""#768537"",""#3a4869""]",NA,NA,NA,NA,NA,NA
"#752277","alb","/static/img/icons/country/country_eualb.png","eualb","/static/img/headers/country/eualb.jpg","Muharem Bendo","https://flic.kr/p/9ZVEcG","Albania","[""#1c1d14"",""#f9fae9"",""#eb9343"",""#5c87ba"",""#b9a39d""]","['eugrc', 'eumkd', 'eumne', 'eusrb', 'euksv']","Albania","al","8",2004118292.99,"['euhrv', 'euita']"
"#752277","and","/static/img/icons/country/country_euand.png","euand","/static/img/headers/country/eu.jpg",NA,NA,"Andorra",NA,"['eufra', 'euesp']","Andorra","ad","20",57615594.27,"['euand']"
"#752277","aut","/static/img/icons/country/country_euaut.png","euaut","/static/img/headers/country/euaut.jpg","barnyz","https://flic.kr/p/iuf1Em","Austria","[""#3d68b2"",""#fbf9f3""]","['eucze', 'eudeu', 'euhun', 'euita', 'eusvk', 'eusvn', 'euche']","Austria","at","40",141984176672,NA
"#752277","bel","/static/img/icons/country/country_eubel.png","eubel","/static/img/headers/country/eubel.jpg","Dennis Jarvis","https://flic.kr/p/muQs32","Belgium","[""#d7e1ef"",""#59564c"",""#080604"",""#474135"",""#af5526""]","['eufra', 'eudeu', 'eulux', 'eunld']","Belgium","be","56",NA,"['eugbr']"
"#752277","bgr","/static/img/icons/country/country_eubgr.png","eubgr","/static/img/headers/country/eubgr.jpg","Dennis Jarvis","https://flic.kr/p/cjS9rm","Bulgaria","[""#3f6849"",""#d5d9dc"",""#99e92e""]","['eugrc', 'eumkd', 'eurou', 'eusrb', 'astur']","Bulgaria","bg","100",26438458499.4,NA
"#752277","bih","/static/img/icons/country/country_eubih.png","eubih","/static/img/headers/country/eubih.jpg","Michael Newman","https://flic.kr/p/dKiVsL","Bosnia and Herzegovina","[""#202b2b"",""#b0d8ed"",""#629abf"",""#9ccae5"",""#9e9266""]","['euhrv', 'eumne', 'eusrb']","Bosnia Herzegovina|Bosnia and Herzegovina","ba","70",5365547575.88,NA
"#752277","blr","/static/img/icons/country/country_eublr.png","eublr","/static/img/headers/country/eublr.jpg","Paval Hadzinski","https://flic.kr/p/gBtp96","Belarus","[""#1c1416"",""#99b8e2"",""#778298"",""#bbb5b9""]","['eulva', 'eultu', 'eupol', 'eurus', 'euukr']","Belarus","by","112",26079463310.6,NA
"#752277","blx","/static/img/icons/country/country_eublx.png","eublx","/static/img/headers/country/eu.jpg",NA,NA,"Belgium-Luxembourg",NA,NA,"Belgium-Luxembourg",NA,"58",325809577710,NA
"#752277","che","/static/img/icons/country/country_euche.png","euche","/static/img/headers/country/euche.jpg","CandyTian","https://flic.kr/p/4RaVww","Switzerland","[""#060d02"",""#7aa597"",""#ebe0c5"",""#d1b154"",""#6a8746""]","['euaut', 'eufra', 'euita', 'eudeu']","Switzerland","ch","756|757",279473474142,NA
"#752277","chi","/static/img/icons/country/country_euchi.png","euchi","/static/img/headers/country/eu.jpg",NA,NA,"Channel Islands",NA,NA,"Channel Islands",NA,NA,NA,NA
"#752277","csk","/static/img/icons/country/country_eucsk.png","eucsk","/static/img/headers/country/eu.jpg",NA,NA,"Czechoslovakia",NA,NA,"Czechoslovakia",NA,"200",NA,NA
"#752277","cze","/static/img/icons/country/country_eucze.png","eucze","/static/img/headers/country/eucze.jpg","Ricardo Liberato","https://flic.kr/p/5uZbXK","Czech Republic","[""#0954a2"",""#f5dc82"",""#fdfefe"",""#d9c2b6""]","['euaut', 'eudeu', 'eupol', 'eusvk']","Czech Rep.|Czech Republic","cz","200|203",147508037129,NA
"#752277","ddr","/static/img/icons/country/country_euddr.png","euddr","/static/img/headers/country/eu.jpg",NA,NA,"Democratic Republic of Germany",NA,NA,"Fmr Dem. Rep. of Germany",NA,"278",NA,NA
"#752277","deu","/static/img/icons/country/country_eudeu.png","eudeu","/static/img/headers/country/eudeu.jpg","Alexander Annenkov","https://flic.kr/p/fidWfA","Germany","[""#4d97dc"",""#121624"",""#fcfcee"",""#2e0b06"",""#fffe69""]","['euaut', 'eubel', 'eucze', 'eudnk', 'eufra', 'eulux', 'eunld', 'eupol', 'euche']","Germany","de","276",1242544317640,"['euswe', 'eugbr']"
"#752277","dnk","/static/img/icons/country/country_eudnk.png","eudnk","/static/img/headers/country/eudnk.jpg","magnetismus","https://flic.kr/p/apmoqx","Denmark","[""#3c3f1c"",""#f6cc6b"",""#c99f06"",""#b7b1a2""]","['eudeu']","Denmark","dk","208",85287730191.7,"['eunor', 'eupol', 'euswe', 'eugbr']"
"#752277","esp","/static/img/icons/country/country_euesp.png","euesp","/static/img/headers/country/euesp.jpg","Harshil Shah","https://flic.kr/p/pt5WE8","Spain","[""#808087"",""#0a0100"",""#fdedd1""]","['euand', 'eufra', 'afmar', 'euprt', 'eugib']","Spain","es","724",266423697851,"['afdza', 'euita', 'afesh']"
"#752277","est","/static/img/icons/country/country_euest.png","euest","/static/img/headers/country/euest.jpg","Pablo Andrés Rivero","https://flic.kr/p/dgTN3j","Estonia","[""#f6fafb"",""#574e3d"",""#1f180a"",""#857e73"",""#040401""]","['eulva', 'eurus']","Estonia","ee","233",13406873935.1,"['eufin', 'euswe']"
"#752277","fdr","/static/img/icons/country/country_eufdr.png","eufdr","/static/img/headers/country/eu.jpg",NA,NA,"Federal Republic of Germany",NA,NA,"Fmr Fed. Rep. of Germany",NA,"280",NA,NA
"#752277","fin","/static/img/icons/country/country_eufin.png","eufin","/static/img/headers/country/eufin.jpg","edweerdt","https://flic.kr/p/jxxBEb","Finland","[""#c5c3c4"",""#514c47"",""#211b17""]","['eunor', 'eurus', 'euswe']","Finland","fi","246",63677854759.2,"['euest']"
"#752277","fra","/static/img/icons/country/country_eufra.png","eufra","/static/img/headers/country/eufra.jpg","Moyan Brenn","https://flic.kr/p/8YUXB9","France","[""#fcd980"",""#8f593f"",""#51240e"",""#bc5624""]","['euand','eubel','eudeu','euita','eulux','eumon','euesp','euche']","France","fr","250|251|1251",506260903442,"['eugbr']"
"#752277","fro","/static/img/icons/country/country_eufro.png","eufro","/static/img/headers/country/eu.jpg",NA,NA,"Faroe Islands",NA,NA,"Faeroe Isds","fo","234",NA,NA
"#752277","gbr","/static/img/icons/country/country_eugbr.png","eugbr","/static/img/headers/country/eugbr.jpg","Giuseppe Moscato","https://flic.kr/p/7Zuzdg","United Kingdom","[""#bcb0aa"",""#584234"",""#100503"",""#8f0a11"",""#0e1b2f""]","['euirl']","United Kingdom","gb","826",425678207204,"['eubel','euden','eudnk','eufra','eudeu','eunld','eunor']"
"#752277","gib","/static/img/icons/country/country_eugib.png","eugib","/static/img/headers/country/eu.jpg",NA,NA,"Gibraltar",NA,"['euesp']","Gibraltar","gi","292",386135645.95,"['afmar']"
"#752277","grc","/static/img/icons/country/country_eugrc.png","eugrc","/static/img/headers/country/eugrc.jpg","David Spender","https://flic.kr/p/7THE9v","Greece","[""#5c7ba6"",""#e7e7ea"",""#15100f"",""#faf9fb"",""#000001""]","['eualb', 'eubgr', 'eumkd', 'astur']","Greece","gr","300",27286953888.1,"['ascyp', 'afegy', 'euita', 'aflby']"
"#752277","hrv","/static/img/icons/country/country_euhrv.png","euhrv","/static/img/headers/country/euhrv.jpg","Mikko Muinonen","https://flic.kr/p/oTAgSL","Croatia","[""#202118"",""#6094da"",""#c0e3f5"",""#c9af87"",""#f7fdfb""]","['eubih', 'euhun', 'eumne', 'eusrb', 'eusvn']","Croatia","hr","191",12671783396.2,"['euita']"
"#752277","hun","/static/img/icons/country/country_euhun.png","euhun","/static/img/headers/country/euhun.jpg","Dennis Jarvis","https://flic.kr/p/c9XWuN","Hungary","[""#d8e9f4"",""#717d85"",""#253758"",""#715f4c"",""#390503""]","['euaut', 'euhrv', 'eurou', 'eusrb', 'eusvk', 'eusvn', 'euukr']","Hungary","hu","348",98053682039,NA
"#752277","imn","/static/img/icons/country/country_euimn.png","euimn","/static/img/headers/country/eu.jpg",NA,NA,"Isle of Man",NA,NA,NA,"im","833",NA,NA
"#752277","irl","/static/img/icons/country/country_euirl.png","euirl","/static/img/headers/country/euirl.jpg","Elena","https://flic.kr/p/4R4EPq","Ireland","[""#687e83"",""#060505"",""#e7e5e1""]","['eugbr']","Ireland","ie","372",154733806088,NA
"#752277","isl","/static/img/icons/country/country_euisl.png","euisl","/static/img/headers/country/euisl.jpg","Moyan Brenn","https://flic.kr/p/getDiR","Iceland","[""#5b7dc6"",""#d9e9f0"",""#010023""]",NA,"Iceland","is","352",5425482238.63,"['nagrl']"
"#752277","ita","/static/img/icons/country/country_euita.png","euita","/static/img/headers/country/euita.jpg","Steffen Ramsaier","https://flic.kr/p/gonJ3Y","Italy","[""#1a2019"",""#fce7a5"",""#9b9882"",""#fdf6b4"",""#a98a54""]","['euaut', 'eufra', 'eusmr', 'eusvn', 'euche', 'euvat']","Italy","it","380|381|1381",446978634996,"['eualb', 'afdza', 'euhrv', 'eugrc', 'aflby', 'eumlt', 'eumne', 'euesp', 'aftun']"
"#752277","ksv","/static/img/icons/country/country_euksv.png","euksv","/static/img/headers/country/eu.jpg",NA,NA,"Kosovo",NA,"['eualb', 'eumkd', 'eumne', 'eusrb']","Kosovo","kv","412",NA,"['euhrv', 'euita']"
"#752277","lie","/static/img/icons/country/country_eulie.png","eulie","/static/img/headers/country/eu.jpg",NA,NA,"Liechtenstein",NA,NA,NA,"li","438",NA,NA
"#752277","ltu","/static/img/icons/country/country_eultu.png","eultu","/static/img/headers/country/eultu.jpg","Mindaugas Danys","https://flic.kr/p/aBzJRA","Lithuania","[""#89aff5"",""#1c3991"",""#2d1305""]","['eublr', 'eulva', 'eupol', 'eurus']","Lithuania","lt","440",22432455741.3,"['euswe']"
"#752277","lux","/static/img/icons/country/country_eulux.png","eulux","/static/img/headers/country/eu.jpg",NA,NA,"Luxembourg",NA,"['eubel', 'eufra', 'eudeu']","Luxembourg","lu","442",NA,NA
"#752277","lva","/static/img/icons/country/country_eulva.png","eulva","/static/img/headers/country/eulva.jpg","Julie Kertesz","https://flic.kr/p/uou4WS","Latvia","[""#d0cccb"",""#090810"",""#5e5a5a"",""#20222d"",""#41547f""]","['eublr', 'euest', 'eultu', 'eurus']","Latvia","lv","428",11393714430.1,"['euswe']"
"#752277",NA,"/static/img/icons/country/country_eumad.png","eumad","/static/img/headers/country/eu.jpg",NA,NA,"Madeira",NA,NA,NA,NA,NA,NA,NA
"#752277","mco","/static/img/icons/country/country_eumco.png","eumco","/static/img/headers/country/eu.jpg",NA,NA,"Monaco",NA,NA,NA,"mc","492",NA,NA
"#752277","mda","/static/img/icons/country/country_eumda.png","eumda","/static/img/headers/country/eumda.jpg","Liviuss76","https://flic.kr/p/7C4GW2","Moldova","[""#e4967c"",""#44335a"",""#08051f"",""#4b2a42""]","['eurou', 'euukr']","Rep. of Moldova|Moldova","md","498",2400460349.22,NA
"#752277","mkd","/static/img/icons/country/country_eumkd.png","eumkd","/static/img/headers/country/eumkd.jpg","Marjan Lazarevski","https://flic.kr/p/eJWPCa","Macedonia","[""#fafafa"",""#2a330d"",""#5f6c4c"",""#131902"",""#646d0e""]","['eualb', 'eubgr', 'eugrc', 'eusrb', 'euksv']","TFYR of Macedonia|Republic of Macedonia","mk","807",5220156594.18,NA
"#752277","mlt","/static/img/icons/country/country_eumlt.png","eumlt","/static/img/headers/country/eumlt.jpg","Tony Hisgett","https://flic.kr/p/bxWQkM","Malta","[""#92a2a8"",""#302521""]",NA,"Malta","mt","470",4764824825.23,"['euita', 'aflby']"
"#752277","mne","/static/img/icons/country/country_eumne.png","eumne","/static/img/headers/country/eu.jpg",NA,NA,"Montenegro",NA,"['eualb', 'eubih', 'euhrv', 'eusrb', 'euksv']","Montenegro","me","499",432678448.03,"['euita']"
"#752277","nld","/static/img/icons/country/country_eunld.png","eunld","/static/img/headers/country/eunld.jpg","Tom Jutte","https://flic.kr/p/domxGZ","Netherlands","[""#0d0a09"",""#8f7f69"",""#ccb79e"",""#fcf6ea"",""#a88b66""]","['eubel', 'eudeu']","Netherlands","nl","528",428531531529,"['nakna', 'eugbr', 'saven', 'naaia', 'navir']"
"#752277","nor","/static/img/icons/country/country_eunor.png","eunor","/static/img/headers/country/eunor.jpg","Michael Gwyther-Jones","https://flic.kr/p/4vsfKk","Norway","[""#b8e0ef"",""#1c2f1b"",""#517581"",""#24392c"",""#37648a""]","['eufin', 'eurus', 'euswe']","Norway","no","578|579",112133070112,"['eudnk', 'euisl', 'eugbr', 'nagrl']"
"#752277","pol","/static/img/icons/country/country_eupol.png","eupol","/static/img/headers/country/eupol.jpg","Adam Smok","https://flic.kr/p/c27eNN","Poland","[""#184670"",""#88b1cd"",""#f9f6b6"",""#edad61"",""#b5d1e2""]","['eublr', 'eucze', 'eudeu', 'eultu', 'eurus', 'eusvk', 'euukr']","Poland","pl","616",187526230026,"['eudnk', 'euswe']"
"#752277","prt","/static/img/icons/country/country_euprt.png","euprt","/static/img/headers/country/euprt.jpg","Rick Ligthelm","https://flic.kr/p/rnYtpe","Portugal","[""#100608"",""#1880c2"",""#8cafc6"",""#3c90c7"",""#a57140""]","['euesp']","Portugal","pt","620",55115396642.6,"['afmar']"
"#752277","rou","/static/img/icons/country/country_eurou.png","eurou","/static/img/headers/country/eurou.jpg","Dennis Jarvis","https://flic.kr/p/cSKTNj","Romania","[""#9cc7ea"",""#4b5651"",""#090c10"",""#5e4328"",""#181c19""]","['eubgr', 'euhun', 'eumda', 'eusrb', 'euukr']","Romania","ro","642",61636241003.8,"['astur']"
"#752277","rus","/static/img/icons/country/country_eurus.png","eurus","/static/img/headers/country/eurus.jpg","Greg Wass","https://flic.kr/p/ppr95L","Russia","[""#6b6b6b"", ""#ccdbef"", ""#030304"", ""#fbfefe"", ""#facf85""]","['eunor', 'eufin', 'euest', 'eulva', 'eultu', 'eupol', 'eublr', 'euukr', 'asgeo', 'asaze', 'askaz', 'aschn', 'asmng', 'asprk']","Russian Federation|Russia","ru","643",316871039550,"['nausa', 'asjpn']"
"#752277","scg","/static/img/icons/country/country_euscg.png","euscg","/static/img/headers/country/eu.jpg",NA,NA,"Serbia and Montenegro",NA,NA,"Serbia and Montenegro",NA,NA,NA,NA
"#752277","sjm","/static/img/icons/country/country_eusjm.png","eusjm","/static/img/headers/country/eu.jpg",NA,NA,"Svalbard",NA,NA,NA,"sj","744",NA,NA
"#752277","smr","/static/img/icons/country/country_eusmr.png","eusmr","/static/img/headers/country/eu.jpg",NA,NA,"San Marino",NA,"['euita']","San Marino","sm","674",128592913.3,NA
"#752277","srb","/static/img/icons/country/country_eusrb.png","eusrb","/static/img/headers/country/eusrb.jpg","Rick (<U+745E><U+514B>)","https://flic.kr/p/op4Uze","Serbia","[""#6c5c51"",""#d6d8df""]","['eualb', 'eubih', 'eubgr', 'euhrv', 'euhun', 'eumkd', 'eumne', 'eurou', 'euksv']","Serbia","rs","688",14026433548.5,NA
"#752277","sun","/static/img/icons/country/country_eusun.png","eusun","/static/img/headers/country/eu.jpg",NA,NA,"USSR",NA,NA,"Fmr USSR",NA,"810",NA,NA
"#752277","svk","/static/img/icons/country/country_eusvk.png","eusvk","/static/img/headers/country/eusvk.jpg","Alexander Russy","https://flic.kr/p/oCtEiy","Slovakia","[""#86a2bc"",""#13160e""]","['euaut', 'eucze', 'euhun', 'eupol', 'euukr']","Slovakia","sk","703",68917485306.7,NA
"#752277","svn","/static/img/icons/country/country_eusvn.png","eusvn","/static/img/headers/country/eusvn.jpg","Lovro67","https://flic.kr/p/atrqe3","Slovenia","[""#fadab8"",""#527f98"",""#3c5237"",""#041901"",""#3b7fa1""]","['euaut', 'euhrv', 'euita', 'euhun']","Slovenia","si","705",27396124360.1,"['euita']"
"#752277","swe","/static/img/icons/country/country_euswe.png","euswe","/static/img/headers/country/euswe.jpg","december_snowdrift","https://flic.kr/p/D2MUz","Sweden","[""#859bc3"",""#062264""]","['eufin', 'eunor']","Sweden","se","752",136580570903,"['eudnk', 'euest', 'eudeu', 'eulva', 'eultu', 'eupol', 'eurus']"
"#752277","ukr","/static/img/icons/country/country_euukr.png","euukr","/static/img/headers/country/euukr.jpg","Alexxx Malev","https://flic.kr/p/dKskVo","Ukraine","[""#f8f8f8"",""#696668"",""#3c3739"",""#7a7879"",""#282323""]","['eublr', 'euhun', 'eumda', 'eupol', 'eurou', 'eurus', 'eusvk']","Ukraine","ua","804",41692879055.5,"['asgeo', 'astur']"
"#752277","vat","/static/img/icons/country/country_euvat.png","euvat","/static/img/headers/country/eu.jpg",NA,NA,"Holy See (Vatican City)",NA,"['euita']","Holy See (Vatican City State)|Vatican City","va","336",NA,"['eualb', 'afdza', 'euhrv', 'eugrc', 'aflby', 'eumlt', 'eumne', 'euesp', 'aftun']"
"#752277",NA,"/static/img/icons/country/country_euxxa.png","euxxa","/static/img/headers/country/eu.jpg",NA,NA,"Eastern Europe",NA,NA,"Eastern Europe, nes",NA,"221",NA,NA
"#752277",NA,"/static/img/icons/country/country_euxxb.png","euxxb","/static/img/headers/country/eu.jpg",NA,NA,"Europe EU",NA,NA,"Europe EU, nes",NA,"492",NA,NA
"#752277",NA,"/static/img/icons/country/country_euxxc.png","euxxc","/static/img/headers/country/eu.jpg",NA,NA,"Other Europe",NA,NA,"Other Europe, nes",NA,"568",NA,NA
"#752277",NA,"/static/img/icons/country/country_euxxd.png","euxxd","/static/img/headers/country/eu.jpg",NA,NA,"Europe EFTA",NA,NA,"Europe EFTA, nes",NA,"697",NA,NA
"#752277",NA,"/static/img/icons/country/country_euxxe.png","euxxe","/static/img/headers/country/eu.jpg",NA,NA,"European Union Not Elsewhere Specified",NA,NA,"EEC NES",NA,NA,NA,NA
"#752277",NA,"/static/img/icons/country/country_euxxf.png","euxxf","/static/img/headers/country/eu.jpg",NA,NA,"Europe Other Not Elsewhere Specified",NA,NA,"Eur.Other NE",NA,NA,NA,NA
"#752277","yug","/static/img/icons/country/country_euyug.png","euyug","/static/img/headers/country/eu.jpg",NA,NA,"Yugoslavia",NA,NA,"Fmr Yugoslavia",NA,"890|891",NA,NA
"#0b1097",NA,"/static/img/icons/country/country_na.png","na","/static/img/headers/country/na.jpg","Loïc Lagarde","https://flic.kr/p/r1W2aU","North America","[""#644f1e"",""#d1b393"",""#faf0e3"",""#f8c554"",""#a3c6e7""]",NA,NA,NA,NA,NA,NA
"#0b1097","abw","/static/img/icons/country/country_naabw.png","naabw","/static/img/headers/country/na.jpg",NA,NA,"Aruba",NA,NA,"Aruba","aw","533",444598836.83,"['nadom', 'saven']"
"#0b1097","aia","/static/img/icons/country/country_naaia.png","naaia","/static/img/headers/country/na.jpg",NA,NA,"Anguilla",NA,NA,"Anguilla","ai","660",9265288.53,"['naatg', 'eunld', 'navir']"
"#0b1097","ant","/static/img/icons/country/country_naant.png","naant","/static/img/headers/country/naant.jpg","Pat Hawks","https://flic.kr/p/aTWPhM","Netherlands Antilles","[""#9ab4cd"",""#1e211a""]",NA,"Neth. Antilles","an","530",NA,NA
"#0b1097","atg","/static/img/icons/country/country_naatg.png","naatg","/static/img/headers/country/na.jpg",NA,NA,"Antigua and Barbuda",NA,NA,"Antigua and Barbuda","ag","28",220447108.13,"['eufra', 'nakna', 'naaia', 'namsr']"
"#0b1097","bes","/static/img/icons/country/country_nabes.png","nabes","/static/img/headers/country/na.jpg",NA,NA,"Bonaire",NA,NA,"Bonaire","bq","535",9535807.75,NA
"#0b1097","bhs","/static/img/icons/country/country_nabhs.png","nabhs","/static/img/headers/country/nabhs.jpg","Trish Hartmann","https://flic.kr/p/iSzmAU","Bahamas","[""#8ab6b3"",""#092817""]",NA,"Bahamas","bs","44",1872282823.89,"['nacub', 'nahti', 'nausa', 'natca']"
"#0b1097","blm","/static/img/icons/country/country_nablm.png","nablm","/static/img/headers/country/na.jpg",NA,NA,"Saint Barthélemy",NA,NA,"Saint Barthélemy","bl","652",17487139.33,NA
"#0b1097","blz","/static/img/icons/country/country_nablz.png","nablz","/static/img/headers/country/na.jpg",NA,NA,"Belize",NA,"['nagtm', 'namex']","Belize","bz","84",452072164.38,"['nahnd']"
"#0b1097","bmu","/static/img/icons/country/country_nabmu.png","nabmu","/static/img/headers/country/na.jpg",NA,NA,"Bermuda",NA,NA,"Bermuda","bm","60",148373078.63,NA
"#0b1097","brb","/static/img/icons/country/country_nabrb.png","nabrb","/static/img/headers/country/na.jpg",NA,NA,"Barbados",NA,NA,"Barbados","bb","52",455160277.64,"['eufra', 'saguy', 'nalca', 'navct', 'natto']"
"#0b1097","can","/static/img/icons/country/country_nacan.png","nacan","/static/img/headers/country/nacan.jpg","paul bica","https://flic.kr/p/59wAvs","Canada","[""#4f5460"",""#c6b9b8"",""#fbecdb"",""#f8b17f"",""#84dbef""]","['nausa']","Canada","ca","124",389701308934,"['nagrl', 'naspm']"
"#0b1097","cri","/static/img/icons/country/country_nacri.png","nacri","/static/img/headers/country/nacri.jpg","kansasphoto","https://flic.kr/p/6evkWP","Costa Rica","[""#192f12"",""#95958f"",""#e4dcc9"",""#ab9f7a"",""#fcd264""]","['nanic', 'napan']","Costa Rica","cr","188",12623733260.8,"['sacol', 'saecu']"
"#0b1097","cub","/static/img/icons/country/country_nacub.png","nacub","/static/img/headers/country/nacub.jpg","paul bica","https://flic.kr/p/6oPu7S","Cuba","[""#1c1129"",""#609224"",""#faf25e"",""#3b8e6e"",""#da9813""]",NA,"Cuba","cu","192",1402349295.45,"['nabhs', 'nahti', 'nahnd', 'najam', 'namex', 'nausa', 'nacym']"
"#0b1097","cuw","/static/img/icons/country/country_nacuw.png","nacuw","/static/img/headers/country/na.jpg",NA,NA,"Curaçao",NA,NA,"Curaçao","cw","531",1612526867.18,"['nadom', 'saven']"
"#0b1097","cym","/static/img/icons/country/country_nacym.png","nacym","/static/img/headers/country/na.jpg",NA,NA,"Cayman Islands",NA,"['sabra', 'saecu', 'napan', 'saper', 'saven']","Cayman Isds|Cayman Islands","ky","136",437530178.01,"['sacol', 'nacub', 'nahnd', 'najam']"
"#0b1097","dma","/static/img/icons/country/country_nadma.png","nadma","/static/img/headers/country/na.jpg",NA,NA,"Dominica",NA,NA,"Dominica","dm","212",80973700.97,"['eufra', 'saven']"
"#0b1097","dom","/static/img/icons/country/country_nadom.png","nadom","/static/img/headers/country/nadom.jpg","Ian Bruce","https://flic.kr/p/b9vvF2","Dominican Republic","[""#92afc8"",""#443405""]","['nahti']","Dominican Rep.|Dominican Republic","do","214",9876481390.03,"['sacol', 'saven', 'naabw', 'nacuw', 'natca']"
"#0b1097","grd","/static/img/icons/country/country_nagrd.png","nagrd","/static/img/headers/country/na.jpg",NA,NA,"Grenada",NA,NA,"Grenada","gd","308",34940857.73,"['navct', 'natto']"
"#0b1097","grl","/static/img/icons/country/country_nagrl.png","nagrl","/static/img/headers/country/na.jpg",NA,NA,"Greenland",NA,NA,"Greenland","gl","304",732486177.77,"['nacan', 'euisl', 'eunor']"
"#0b1097","gtm","/static/img/icons/country/country_nagtm.png","nagtm","/static/img/headers/country/nagtm.jpg","Dave Wilson","https://flic.kr/p/4Ub2jD","Guatemala","[""#2e2f24"",""#7caca9"",""#d4e3d6"",""#d08b49"",""#fbd966""]","['nablz', 'naslv', 'nahnd', 'namex']","Guatemala","gt","320",11787150875,NA
"#0b1097","hnd","/static/img/icons/country/country_nahnd.png","nahnd","/static/img/headers/country/nahnd.jpg","Nan Palmero","https://flic.kr/p/mtHJ5x","Honduras","[""#212619"",""#969ba2"",""#bdd3e2"",""#6999c3"",""#c1b8a8""]","['naslv', 'nagtm', 'nanic']","Honduras","hn","340",8340516403.81,"['nablz', 'sacol', 'nacub', 'namex', 'nacym']"
"#0b1097","hti","/static/img/icons/country/country_nahti.png","nahti","/static/img/headers/country/na.jpg",NA,NA,"Haiti",NA,"['nadom']","Haiti","ht","332",1153089910.7,"['nabhs', 'sacol', 'nacub', 'najam', 'natca']"
"#0b1097","jam","/static/img/icons/country/country_najam.png","najam","/static/img/headers/country/najam.jpg","jgull85","https://flic.kr/p/99dUpF","Jamaica","[""#6b9fd5"",""#32331c""]",NA,"Jamaica","jm","388",1295921106.63,"['sacol', 'nacub', 'nahti', 'nacym']"
"#0b1097","kna","/static/img/icons/country/country_nakna.png","nakna","/static/img/headers/country/na.jpg",NA,NA,"Saint Kitts and Nevis",NA,NA,"Saint Kitts, Nevis and Anguilla|Saint Kitts and Nevis","kn","658|659",79866652.91,"['naatg', 'eunld', 'saven', 'namsr']"
"#0b1097","lca","/static/img/icons/country/country_nalca.png","nalca","/static/img/headers/country/na.jpg",NA,NA,"Saint Lucia",NA,NA,"Saint Lucia","lc","662",87164031.26,"['nabrb', 'eufra', 'navct', 'saven']"
"#0b1097","maf","/static/img/icons/country/country_namaf.png","namaf","/static/img/headers/country/na.jpg",NA,NA,"Saint Maarten",NA,NA,"Saint Maarten|Sint Maarten","mf","534",32064327.23,NA
"#0b1097","mex","/static/img/icons/country/country_namex.png","namex","/static/img/headers/country/namex.jpg","Carlos Ortega","https://flic.kr/p/aynAgS","Mexico","[""#a79284"",""#2d2218""]","['nablz', 'nagtm', 'nausa']","Mexico","mx","484",391968141868,"['nacub', 'nahnd']"
"#0b1097","msr","/static/img/icons/country/country_namsr.png","namsr","/static/img/headers/country/na.jpg",NA,NA,"Montserrat",NA,"['nakna']","Montserrat","ms","500",2118354.96,"['naatg', 'eufra', 'saven']"
"#0b1097","mtq","/static/img/icons/country/country_namtq.png","namtq","/static/img/headers/country/na.jpg",NA,NA,"Martinique",NA,NA,"Martinique","mq","474",NA,NA
"#0b1097","naa","/static/img/icons/country/country_nanaa.png","nanaa","/static/img/headers/country/na.jpg",NA,NA,"Netherland Antilles and Aruba",NA,NA,"Neth. Antilles and Aruba",NA,"532",NA,NA
"#0b1097","nic","/static/img/icons/country/country_nanic.png","nanic","/static/img/headers/country/nanic.jpg","Céline Colin","https://flic.kr/p/r1f8nf","Nicaragua","[""#737a88"",""#060801"",""#e7e8ea"",""#06121f"",""#c2e6ff""]","['nacri', 'nahnd']","Nicaragua","ni","558",5117167840.49,"['sacol', 'naslv']"
"#0b1097","pan","/static/img/icons/country/country_napan.png","napan","/static/img/headers/country/napan.jpg","BORIS G","https://flic.kr/p/ex76Ni","Panama","[""#9ebbca"",""#0c2432"",""#8e2618"",""#02206f""]","['sacol', 'nacri']","Panama","pa","591",4745546012.1,"['sacol', 'saecu']"
"#0b1097","pci","/static/img/icons/country/country_napci.png","napci","/static/img/headers/country/na.jpg",NA,NA,"Pacific Island (US)",NA,NA,"Fmr Pacific Isds",NA,"582",NA,NA
"#0b1097","pcz","/static/img/icons/country/country_napcz.png","napcz","/static/img/headers/country/na.jpg",NA,NA,"Panama Canal Zone",NA,NA,"Fmr Panama-Canal-Zone",NA,"592",NA,NA
"#0b1097","pri","/static/img/icons/country/country_napri.png","napri","/static/img/headers/country/napri.jpg","Trish Hartmann","https://flic.kr/p/dCaHuT","Puerto Rico","[""#8ba0c0"",""#2c3421""]",NA,NA,"pr","630",NA,NA
"#0b1097","slv","/static/img/icons/country/country_naslv.png","naslv","/static/img/headers/country/naslv.jpg","Cam Ventoza","https://flic.kr/p/gVCZEx","El Salvador","[""#7d6b93"",""#dddfeb""]","['nagtm']","El Salvador","sv","222",5897753015.63,"['nahnd', 'nanic']"
"#0b1097","spm","/static/img/icons/country/country_naspm.png","naspm","/static/img/headers/country/na.jpg",NA,NA,"Saint Pierre and Miquelon",NA,"['nausa']","Saint Pierre and Miquelon","pm","666",3158938.46,"['nacan']"
"#0b1097","tca","/static/img/icons/country/country_natca.png","natca","/static/img/headers/country/na.jpg",NA,NA,"Turks and Caicos Islands",NA,"['nahti']","Turks and Caicos Isds|Turks and Caicos Islands","tc","796",28922582.69,"['nabhs', 'nadom', 'nahti']"
"#0b1097","tto","/static/img/icons/country/country_natto.png","natto","/static/img/headers/country/natto.jpg","Teresa Frost","https://flic.kr/p/ntJLad","Trinidad and Tobago","[""#404d23"",""#ddddde"",""#adb0b2"",""#fcfcf4"",""#f3c36f""]",NA,"Trinidad and Tobago","tt","780",11043371754.9,"['nabrb', 'nagrd', 'saguy', 'saven']"
"#0b1097","umi","/static/img/icons/country/country_naumi.png","naumi","/static/img/headers/country/na.jpg",NA,NA,"United States Minor Outlying Islands",NA,NA,"United States Minor Outlying Islands","um","581|849",NA,NA
"#0b1097","usa","/static/img/icons/country/country_nausa.png","nausa","/static/img/headers/country/nausa.jpg","Aurelien Guichard","https://flic.kr/p/8CZkZ7","United States","[""#020102"",""#877b6f"",""#c3ac8f"",""#dde6ed"",""#878b93""]","['nacan', 'namex']","USA|USA (before 1981)|United States","us","840|841|842",1380659240710,"['nabhs']"
"#0b1097","vct","/static/img/icons/country/country_navct.png","navct","/static/img/headers/country/na.jpg",NA,NA,"Saint Vincent and the Grenadines",NA,NA,"Saint Vincent and the Grenadines","vc","670",126710395.49,"['nabrb', 'nagrd', 'nalca', 'natto', 'saven']"
"#0b1097","vgb","/static/img/icons/country/country_navgb.png","navgb","/static/img/headers/country/na.jpg",NA,NA,"British Virgin Islands",NA,NA,"Br. Virgin Isds|British Virgin Islands","vg","92",609307060.73,"['navir']"
"#0b1097","vir","/static/img/icons/country/country_navir.png","navir","/static/img/headers/country/na.jpg",NA,NA,"Virgin Islands",NA,"['eubel', 'eudeu']","US Virgin Isds|United States Virgin Islands","vi","850",NA,"['eunld', 'saven', 'naaia', 'navgb']"
"#0b1097",NA,"/static/img/icons/country/country_naxxa.png","naxxa","/static/img/headers/country/na.jpg",NA,NA,"Caribbean",NA,NA,"Caribbean, nes",NA,"129",NA,NA
"#0b1097",NA,"/static/img/icons/country/country_naxxb.png","naxxb","/static/img/headers/country/na.jpg",NA,NA,"CACM",NA,NA,"CACM, nes",NA,"471",NA,NA
"#0b1097",NA,"/static/img/icons/country/country_naxxc.png","naxxc","/static/img/headers/country/na.jpg",NA,NA,"Rest of America",NA,NA,"Rest of America, nes",NA,"636",NA,NA
"#0b1097",NA,"/static/img/icons/country/country_naxxd.png","naxxd","/static/img/headers/country/na.jpg",NA,NA,"North America and Central America",NA,NA,"North America and Central America, nes",NA,"637",NA,NA
"#0b1097",NA,"/static/img/icons/country/country_naxxe.png","naxxe","/static/img/headers/country/na.jpg",NA,NA,"United States Unspecified",NA,NA,"US NES",NA,NA,NA,NA
"#0b1097",NA,"/static/img/icons/country/country_naxxf.png","naxxf","/static/img/headers/country/na.jpg",NA,NA,"Saint Kitts, Nevis and Anguilla",NA,NA,"Saint Kitts, Nevis and Anguilla",NA,NA,NA,NA
"#e87600",NA,"/static/img/icons/country/country_oc.png","oc","/static/img/headers/country/oc.jpg","steve deeves","https://flic.kr/p/uMcjgo","Oceania","[""#1b030d"",""#c8bd99"",""#968976"",""#ddc97c"",""#b08d4a""]",NA,NA,NA,NA,NA,NA
"#e87600","asm","/static/img/icons/country/country_ocasm.png","ocasm","/static/img/headers/country/oc.jpg",NA,NA,"American Samoa",NA,NA,"American Samoa","as","16",22130389.09,"['ocwsm', 'octon', 'occok', 'ocniu', 'octkl']"
"#e87600","aus","/static/img/icons/country/country_ocaus.png","ocaus","/static/img/headers/country/ocaus.jpg","Michael McDonough","https://flic.kr/p/4RnAGG","Australia","[""#537aaf"",""#0f0a08"",""#eeece9""]",NA,"Australia","au","36",190847848790,"['astls', 'asidn', 'ocnzl', 'ocpng', 'ocslb', 'ocncl']"
"#e87600","cok","/static/img/icons/country/country_occok.png","occok","/static/img/headers/country/oc.jpg",NA,NA,"Cook Islands",NA,NA,"Cook Isds|Cook Islands","ck","184",23675667.14,"['ockir', 'ocasm', 'ocpyf', 'ocniu', 'octkl']"
"#e87600","fji","/static/img/icons/country/country_ocfji.png","ocfji","/static/img/headers/country/oc.jpg",NA,NA,"Fiji",NA,NA,"Fiji","fj","242",957106575.75,"['ocnzl', 'octon', 'octuv', 'ocvut', 'ocncl', 'ocwlf']"
"#e87600","fsm","/static/img/icons/country/country_ocfsm.png","ocfsm","/static/img/headers/country/oc.jpg",NA,NA,"Micronesia",NA,NA,"FS Micronesia|Federated States of Micronesia","fm","583",20594952.49,"['ocmhl', 'ocplw', 'ocpng', 'ocgum']"
"#e87600","glp","/static/img/icons/country/country_ocglp.png","ocglp","/static/img/headers/country/oc.jpg",NA,NA,"Guadeloupe",NA,NA,"Guadeloupe","gp","312",NA,NA
"#e87600","gum","/static/img/icons/country/country_ocgum.png","ocgum","/static/img/headers/country/oc.jpg",NA,NA,"Guam",NA,NA,"Guam","gu","316",21752139.32,"['ocfsm']"
"#e87600",NA,"/static/img/icons/country/country_ocjtn.png","ocjtn","/static/img/headers/country/oc.jpg",NA,NA,"Johnston Atoll",NA,NA,NA,NA,NA,NA,NA
"#e87600","kir","/static/img/icons/country/country_ockir.png","ockir","/static/img/headers/country/oc.jpg",NA,NA,"Kiribati",NA,NA,"Kiribati","ki","296",119557106.54,"['ocmhl', 'ocnru', 'octuv', 'occok', 'ocpyf', 'octkl']"
"#e87600","mhl","/static/img/icons/country/country_ocmhl.png","ocmhl","/static/img/headers/country/oc.jpg",NA,NA,"Marshall Islands",NA,NA,"Marshall Isds|Marshall Islands","mh","584",491221776.99,"['ockir', 'ocfsm', 'ocnru']"
"#e87600","mnp","/static/img/icons/country/country_ocmnp.png","ocmnp","/static/img/headers/country/oc.jpg",NA,NA,"Northern Mariana Islands",NA,NA,"N. Mariana Isds","mp","580",2874077.02,NA
"#e87600","ncl","/static/img/icons/country/country_ocncl.png","ocncl","/static/img/headers/country/oc.jpg",NA,NA,"New Caledonia",NA,"['asidn']","New Caledonia","nc","540",1484827882.28,"['ocaus', 'ocfji', 'ocpng', 'ocslb', 'ocvut', 'ocnfk']"
"#e87600","nfk","/static/img/icons/country/country_ocnfk.png","ocnfk","/static/img/headers/country/oc.jpg",NA,NA,"Norfolk Island",NA,NA,"Norfolk Isds|Norfolk Island","nf","574",4745662.43,"['ocnzl', 'ocncl']"
"#e87600","niu","/static/img/icons/country/country_ocniu.png","ocniu","/static/img/headers/country/oc.jpg",NA,NA,"Niue",NA,NA,"Niue","nu","570",1921134.28,"['octon', 'ocasm', 'occok']"
"#e87600","nru","/static/img/icons/country/country_ocnru.png","ocnru","/static/img/headers/country/oc.jpg",NA,NA,"Nauru",NA,NA,"Nauru","nr","520",27355872.12,"['ockir', 'ocmhl']"
"#e87600","nzl","/static/img/icons/country/country_ocnzl.png","ocnzl","/static/img/headers/country/ocnzl.jpg","Andy Smith","https://flic.kr/p/nmeWgG","New Zealand","[""#eae3c7"",""#0c1e23"",""#384c59"",""#7c736a"",""#030709""]",NA,"New Zealand","nz","554",35814713174.9,"['ocaus', 'ocfji', 'octon', 'ocnfk']"
"#e87600","pcn","/static/img/icons/country/country_ocpcn.png","ocpcn","/static/img/headers/country/oc.jpg",NA,NA,"Pitcairn Islands",NA,NA,"Pitcairn|Pitcairn Islands","pn","612",1521139.3,"['ocpyf']"
"#e87600","plw","/static/img/icons/country/country_ocplw.png","ocplw","/static/img/headers/country/oc.jpg",NA,NA,"Palau",NA,NA,"Palau","pw","585",18534569,"['asidn', 'ocfsm', 'asphl']"
"#e87600","png","/static/img/icons/country/country_ocpng.png","ocpng","/static/img/headers/country/ocpng.jpg","collusion","https://flic.kr/p/nTYfKA","Papua New Guinea","[""#020604"",""#998c9c"",""#f8a649"",""#94605c"",""#e9b175""]","['asidn']","Papua New Guinea","pg","598",9063672148,"['ocaus', 'ocfsm', 'ocslb', 'ocncl']"
"#e87600","pyf","/static/img/icons/country/country_ocpyf.png","ocpyf","/static/img/headers/country/oc.jpg",NA,NA,"French Polynesia",NA,NA,"French Polynesia","pf","258",221895201.49,"['ockir', 'occok', 'ocpcn']"
"#e87600","slb","/static/img/icons/country/country_ocslb.png","ocslb","/static/img/headers/country/oc.jpg",NA,NA,"Solomon Islands",NA,NA,"Solomon Isds|Solomon Islands","sb","90",648861391.8,"['ocaus', 'ocpng', 'ocvut', 'ocncl']"
"#e87600","tkl","/static/img/icons/country/country_octkl.png","octkl","/static/img/headers/country/oc.jpg",NA,NA,"Tokelau",NA,NA,"Tokelau","tk","772",17476259.87,"['ockir', 'ocwsm', 'ocasm', 'occok', 'ocwlf']"
"#e87600","ton","/static/img/icons/country/country_octon.png","octon","/static/img/headers/country/oc.jpg",NA,NA,"Tonga",NA,NA,"Tonga","to","776",11541802.9,"['ocfji', 'ocnzl', 'ocwsm', 'ocasm', 'ocniu', 'ocwlf']"
"#e87600","tuv","/static/img/icons/country/country_octuv.png","octuv","/static/img/headers/country/oc.jpg",NA,NA,"Tuvalu",NA,NA,"Tuvalu","tv","798",37355875.06,"['ocfji', 'ockir', 'ocwlf']"
"#e87600","vut","/static/img/icons/country/country_ocvut.png","ocvut","/static/img/headers/country/oc.jpg",NA,NA,"Vanuatu",NA,NA,"Vanuatu","vu","548",133812089.22,"['ocfji', 'ocslb', 'ocncl']"
"#e87600","wlf","/static/img/icons/country/country_ocwlf.png","ocwlf","/static/img/headers/country/oc.jpg",NA,NA,"Wallis and Futuna",NA,NA,"Wallis and Futuna Isds|Wallis and Futuna","wf","876",712790.44,"['ocfji', 'ocwsm', 'octon', 'octuv', 'octkl']"
"#e87600","wsm","/static/img/icons/country/country_ocwsm.png","ocwsm","/static/img/headers/country/oc.jpg",NA,NA,"Samoa",NA,NA,"Samoa","ws","882",83019530.36,"['octon', 'ocasm', 'octkl', 'ocwlf']"
"#e87600",NA,"/static/img/icons/country/country_ocxxa.png","ocxxa","/static/img/headers/country/oc.jpg",NA,NA,"Oceania",NA,NA,"Oceania, nes",NA,"527",NA,NA
"#e87600",NA,"/static/img/icons/country/country_ocxxb.png","ocxxb","/static/img/headers/country/oc.jpg",NA,NA,"United States Miscellaneous Pacific Islands",NA,NA,"US Misc. Pacific Isds",NA,"581",NA,NA
"#00923f",NA,"/static/img/icons/country/country_sa.png","sa","/static/img/headers/country/sa.jpg","Douglas  Scortegagna","https://flic.kr/p/qKQ81x","South America","[""#157aec"",""#f3f8fb"",""#000300"",""#c9fdfe""]",NA,NA,NA,NA,NA,NA
"#00923f","arg","/static/img/icons/country/country_saarg.png","saarg","/static/img/headers/country/saarg.jpg","@Doug88888","https://flic.kr/p/a1d5UZ","Argentina","[""#e0e1e5"",""#364041"",""#777977"",""#010e0d"",""#6e6964""]","['sabol', 'sabra', 'sachl', 'sapry', 'saury']","Argentina","ar","32",58080851035.9,"['saflk']"
"#00923f","bol","/static/img/icons/country/country_sabol.png","sabol","/static/img/headers/country/sabol.jpg","Pedro Szekely","https://flic.kr/p/7ff9xV","Bolivia","[""#9d5529"",""#fad656"",""#f4f2f2""]","['saarg', 'sabra', 'sachl', 'sapry', 'saper']","Bolivia|Bolivia (Plurinational State of)","bo","68",9113348551.22,NA
"#00923f","bra","/static/img/icons/country/country_sabra.png","sabra","/static/img/headers/country/sabra.jpg","Lima Pix","https://flic.kr/p/fFgpps","Brazil","[""#e4e8de"",""#64696b"",""#0a1517"",""#597b8e"",""#020301""]","['saarg', 'sabol', 'sacol','saguy', 'sapry', 'saper', 'sasur', 'saury', 'saven']","Brazil","br","76",195583105577,NA
"#00923f","chl","/static/img/icons/country/country_sachl.png","sachl","/static/img/headers/country/sachl.jpg","alobos Life","https://flic.kr/p/g2TM9U","Chile","[""#68abd7"",""#2a2c28""]","['saarg', 'sabol', 'saper']","Chile","cl","152",65670024274.5,NA
"#00923f","col","/static/img/icons/country/country_sacol.png","sacol","/static/img/headers/country/sacol.jpg","Pedro Szekely","https://flic.kr/p/9LaCwi","Colombia","[""#020102"",""#767268"",""#9f9ea2"",""#817c1f"",""#bebf2d""]","['sabra', 'saecu', 'napan', 'saper', 'saven']","Colombia","co","170",37549714345.6,"['nacri', 'nadom', 'nahti', 'nahnd', 'najam', 'nanic', 'nacym']"
"#00923f","ecu","/static/img/icons/country/country_saecu.png","saecu","/static/img/headers/country/saecu.jpg","Alex Proimos","https://flic.kr/p/73nuhJ","Ecuador","[""#bebdbb"",""#3d2006"",""#2e4686"",""#2d1308"",""#86380b""]","['sacol', 'saper']","Ecuador","ec","218",19468172266.6,"['nacri']"
"#00923f","flk","/static/img/icons/country/country_saflk.png","saflk","/static/img/headers/country/sa.jpg",NA,NA,"Falkland Islands",NA,"['sabol', 'sabra', 'sachl', 'sapry', 'saury']","Falkland Isds (Malvinas)|Falkland Islands","fk","238",178961723.75,"['saarg']"
"#00923f","guf","/static/img/icons/country/country_saguf.png","saguf","/static/img/headers/country/sa.jpg",NA,NA,"French Guiana",NA,NA,"French Guiana","gf","254",NA,NA
"#00923f","guy","/static/img/icons/country/country_saguy.png","saguy","/static/img/headers/country/saguy.jpg","Amanda Richards","https://flic.kr/p/7dYNf1","Guyana","[""#bac9df"",""#764831"",""#161107"",""#6d381f""]","['sabra', 'sasur', 'saven']","Guyana","gy","328",1569531569.26,"['natto']"
"#00923f","per","/static/img/icons/country/country_saper.png","saper","/static/img/headers/country/saper.jpg","Pedro Szekely","https://flic.kr/p/4dXWrK","Peru","[""#15496a"",""#e6b887"",""#fef0d4"",""#99b2c4"",""#ffffeb""]","['sabol', 'sabra', 'sachl', 'sacol', 'saecu']","Peru","pe","604",34398024236.6,"['nacri']"
"#00923f","pry","/static/img/icons/country/country_sapry.png","sapry","/static/img/headers/country/sapry.jpg","Arcadiu","https://flic.kr/p/9AQFvm","Paraguay","[""#4489bd"",""#13100c"",""#efe7df"",""#020103""]","['saarg', 'sabol', 'sabra']","Paraguay","py","600",8328335917.59,NA
"#00923f","sur","/static/img/icons/country/country_sasur.png","sasur","/static/img/headers/country/sa.jpg",NA,NA,"Suriname",NA,"['sabra', 'eufra', 'saguy']","Suriname","sr","740",1164800319.77,NA
"#00923f","ury","/static/img/icons/country/country_saury.png","saury","/static/img/headers/country/saury.jpg","Ana Raquel S. Hernandes","https://flic.kr/p/aeP3L9","Uruguay","[""#423322"",""#fefee8"",""#efbe76""]","['saarg', 'sabra']","Uruguay","uy","858",8235294824.72,NA
"#00923f","ven","/static/img/icons/country/country_saven.png","saven","/static/img/headers/country/saven.jpg","Daniel","https://flic.kr/p/bkS2B","Venezuela","[""#d9e3f7"",""#5a6051"",""#262f27"",""#667173"",""#13100c""]","['sacol', 'saguy', 'sabra']","Venezuela","ve","862",34297168528.1,"['natto']"
"#00923f",NA,"/static/img/icons/country/country_saxxa.png","saxxa","/static/img/headers/country/sa.jpg",NA,NA,"LAIA",NA,NA,"LAIA, nes",NA,"473",NA,NA
"#C7C7C7",NA,"/static/img/icons/country/country_xx.png","xx","/static/img/headers/country/xx.jpg","NASA Goddard Space Flight Center","https://flic.kr/p/8Hrda9","Unclassified","[""#000000"",""#667085"",""#b3b8c3"",""#7c8496"",""#dbdce4""]",NA,NA,NA,NA,NA,NA
"#C7C7C7","wld","/static/img/icons/country/country_xxwld.png","xxwld","/static/img/headers/country/xx.jpg",NA,NA,"World",NA,NA,"World","1w","0",15670017093139.9,NA
"#C7C7C7",NA,"/static/img/icons/country/country_xxxxa.png","xxxxa","/static/img/headers/country/xxxxa.jpg","Corey Seeman","https://flic.kr/p/8T7Vck","Provision of Ships and Aircraft","[""#8d9599"",""#fefefb"",""#28272f""]",NA,"Provision of Ships and Aircraft",NA,NA,NA,NA
"#C7C7C7",NA,"/static/img/icons/country/country_xxxxb.png","xxxxb","/static/img/headers/country/xx.jpg",NA,NA,"Central Banks",NA,NA,"Central Banks",NA,NA,NA,NA
"#C7C7C7",NA,"/static/img/icons/country/country_xxxxc.png","xxxxc","/static/img/headers/country/xx.jpg",NA,NA,"Unclassified",NA,NA,"Unclassified",NA,NA,NA,NA
"#C7C7C7",NA,"/static/img/icons/country/country_xxxxd.png","xxxxd","/static/img/headers/country/xx.jpg",NA,NA,"Unknown",NA,NA,"Unknown",NA,NA,NA,NA
"#C7C7C7",NA,"/static/img/icons/country/country_xxxxe.png","xxxxe","/static/img/headers/country/xx.jpg",NA,NA,"Neutral Zone",NA,NA,"Neutral Zone",NA,"536",NA,NA
"#C7C7C7",NA,"/static/img/icons/country/country_xxxxf.png","xxxxf","/static/img/headers/country/xx.jpg",NA,NA,"Free Zones",NA,NA,"Free Zones",NA,"838",NA,NA
"#C7C7C7",NA,"/static/img/icons/country/country_xxxxg.png","xxxxg","/static/img/headers/country/xx.jpg",NA,NA,"Bunkers",NA,NA,"Bunkers",NA,"837",NA,NA
"#C7C7C7","xxa","/static/img/icons/country/country_xxxxh.png","xxxxh","/static/img/headers/country/xx.jpg",NA,NA,"Areas",NA,NA,"Areas, nes",NA,"899",NA,NA
"#C7C7C7",NA,"/static/img/icons/country/country_xxxxi.png","xxxxi","/static/img/headers/country/xx.jpg",NA,NA,"Special Categories",NA,NA,"Special Categories",NA,"839",NA,NA
